VSP mode,GASOLINE,DIESEL
1,0.01244,0.01116
2,0.01866,0.01674
3,0.020526,0.018414
4,0.0622,0.0558
5,0.08397,0.07533
6,0.11507,0.10323
7,0.14306,0.12834
8,0.16794,0.15066
9,0.19904,0.17856
10,0.22703,0.20367
11,0.27368,0.24552